,,,Daily Check-In,,Day,Monday,,,,,,,,,,,,,,,
,,,,,Date,"September 28, 2026",,,,,,,,,,,,,,,
,,,,,,,,,,,,,,,,,,,,,
,No.,Person,Yesterday/Completed,Today's Priority,Deadline,Blocker/Decision,Status,IPP,,,,,,,,,,,,,On Track
,1,ASM Saifullah,1. Cash withdrawal for BRCP event (Done)                                                                                                                       2. Contact Startech and order attendance device cards which will be printed as employee ID cards (Need consultation with Shiva apa)                                                               3. Review Recruitment SOP (Done)                                                    4. Coordinate with BITID lab on logistics for Accreditation Experts (Done)                                                                                                                                          5. Follow up with Malaysian lab on PT sample despatch date (emailed and waiting for response)                                                                                                                                                                                                                                                             ,1. Procure Office Chair                                                                                                                                               2. Coordinate with SGS Auditors and ensure logistics for Audit on 30 Sept                                                                 3. Negotiate with vendor and ensure delivery of three laptops by 30 Sept                                                                  4. Review ISO documents                                                                                                                                               5. Contribute to organize documents on Teams and Sharepoint                                                                                    6. Meeting with Accreditation expert to explore potential for collaboration                                                                                                                                ,,,,TRUE,,,,,,,,,,,,,Attention Needed
,2,Mimma Afrin,"1.Update Clause 5 & 6 documents as per requirements of Quality manual. 
2.Organize Microsoft Teams document and share 
3. Coordinate with Mahmud vai's Gap Assessment visit findings.
4.Finalize Bitid lab visit plan with expert (Meeting)
5. Follow up KIMIA for PT sample dispatch   ","1.Update Clause 6 &7 documents as per requirements of Quality manual. 
2.Organize Microsoft Teams document and share 
3.Meeting with Accreditation expert 
4. Schedule plan and create checklist for BITID lab
5. Search PT schedule for Fishtech lab",,,,TRUE,,,,,,,,,,,,,Blocked/At Risk
,3,Nabeel Khan,"1. Conduct Final Check for IRW preparation
2. Follow-up with invitees
3. Share the PPT with the invitees over WhatsApp/eMail
4. Oversee DLA document 
5. Cross-check PPT with BRCP-1
6. Check Venue preparedness","1. BRCP-1 SD 59 IWM coordination and management
2. Oversee follow-up with invitees
3. Engage with BRCP-1 team for even coordination",EoD,,,FALSE,,,,,,,,,,,,,
,4,Recardo SA Halder,"1. Manage all logistics related to workshop- Half done
2. Confirm with venue- Done
3. Cash required (honorium)- Done
4. Banner Printing- Half-done
5. Mimma apa- SOP-Project management (Contd)
6. Attendence Sheet print- Done
7. Buying Envelope, Pen, Folder, notebook- Done
8. Send Docs to DLA- Done
",1. BRCP event coordination and management,,,,TRUE,,,,,,,,,,,,Sunday,"September 23, 2026"
,5,Moudud Ahmmed Sujan,1. Probashi Article,"1. Handover Ministry Gift (follow up)
2. YouTube Content Script and shooting plan
3. GIET bank account follow up",,,,FALSE,,,,,,,,,,,,Monday,"September 24, 2026"
,6,Rubayat E Shams Anik,"1. Inception Workshop Related Pre-event tasks (Arrange the attendance sheet, honorium sheet, agenda, powerpoint, send out for print)
2. SD-59 Presentation Update (for Inception)",1. Inception Workshop SD59 - eLearning ,,,,TRUE,,,,,,,,,,,,Tuesday,"September 25, 2026"
,7,Ahmed Julker Nine,"1. Follow up with the participants of SD- 59;Inception report finalization program
2. SD-59 ppt finalization meeting and support","1. Follow up with some participants for confirmation and nominee information
2. Send out SD-59 related documents to the participants of the event
3. Taking meeting notes for minutes of the SD-59 event.",,,,TRUE,,,,,,,,,,,,Wednesday,"September 26, 2026"
,8,Tahsina Shiva,"1.  Mockup UI design of Check in meeting page (HRMS) , QA & feedback
2. Sit with Mimma apa & Saifullah bhai regarding documentation format (prefably tomorrow)
3. List down tasks for Mithul bhai (cont)
3. TRACE CMS update (bfsa event)","1. Mockup UI design for Reporting page 
2. List down tasks for FSD (cont)
3. TRACE CMS update - Organize insights 
4. Discuss with Shefayat regarding the new feature implementation",,,,TRUE,,,,,,,,,,,,Thursday,"September 27, 2026"
,9,Fahmida Akter,"1. New letter head circulation 
2. Sending signed agreement to Aamra Pro
3. Contract amendment draft
4. Salary negotiation with Himadri
5. Reference check for Naved Afnan (Research Intern)
6. Reference Check for Himadri Shekhar Ganguly ( Accounts & Finance Executive) ","1. Offer letter generating for Mahamudul & Naved (Research Intern)
2. ID Card Design Finalization (Dependency Anik Bhai, Fuad Bhai)
3. Offer Letter Generating for Himadri (Assistant Manager- Accounts & Finance)
4. Preparing service agreement for Laptop vendor
5. Reimbursement & car requisition instructions sending to employees
6. Missing documents collection from employees
7. CV sorting for Social Media Manager & Graphics Designer (Assistance needed from Julker Bhai)
8. Participating BRCP event
9. Contract Generation for Mithul
10. Contract generation for Riya Biswas
11. BRCP event attendance sheet preparation",,,,TRUE,,,,,,,,,,,,,"September 28, 2026"
,10,Shefayat E Shams Adib,"1. Upon discussion with Shiva Apu fully implemented the Replacement Leave functionality
2. Updated RBAC logic and updated the functionality accordingly
3. Biometric Driven Replacement Leave automation done
4. Redesigned the landing page and the sign in page's UI
5. Migration of the Admin role's authorization to HR completed and deployed
6. Schema change on the Replacement Leave table
7. Approver/ Rejector's form updated","1. Discuss and finalize the logic on the new features
2. Implement the new features and connect with the existing modules
3. Fix bugs and perform QA on the implemented features",,,,TRUE,,,,,,,,,,,,,"September 29, 2026"
,11,Mahanaz Akter Lopa,"1. Completed follow up to get participants' confirmation status regarding the workshop on Inception Report 
2. Provided a short review to add in the Inception report of E-learning platform
3. Particapted in Meeting on SD-59 event PPT review
4. Provided a brief agenda on inception workshop","1. Yet to receive response from 2 participants (Followup them)
2. Read the documents related to TARAPS project

",,,,TRUE,,,,,,,,,,,,,"September 30, 2026"
,,,,,,,,FALSE,,,,,,,,,,,,,"October 1, 2026"
,,,,,,,,,,,,,,,,,,,,Friday,"October 2, 2026"
,,,,,,,,,,,,,,,,,,,,Saturday,"October 3, 2026"
,,,,,,,,,,,,,,,,,,,,,"October 4, 2026"
,,,,,,,,,,,,,,,,,,,,,"October 5, 2026"
,,,,,,,,,,,,,,,,,,,,,"October 6, 2026"
,,,,,,,,,,,,,,,,,,,,,"October 7, 2026"
,,,,,,,,,,,,,,,,,,,,,"October 8, 2026"
,,,,,,,,,,,,,,,,,,,,,"October 9, 2026"
,,,,,,,,,,,,,,,,,,,,,"October 10, 2026"
,,,,,,,,,,,,,,,,,,,,,"October 11, 2026"
,,,,,,,,,,,,,,,,,,,,,"October 12, 2026"
,,,,,,,,,,,,,,,,,,,,,"October 13, 2026"
,,,,,,,,,,,,,,,,,,,,,"October 14, 2026"
,,,,,,,,,,,,,,,,,,,,,"October 15, 2026"
,,,,,,,,,,,,,,,,,,,,,"October 16, 2026"
,,,,,,,,,,,,,,,,,,,,,"October 17, 2026"
,,,,,,,,,,,,,,,,,,,,,"October 18, 2026"
,,,,,,,,,,,,,,,,,,,,,
,,,,,,,,,,,,,,,,,,,,,
,,,,,,,,,,,,,,,,,,,,,
,,,,,,,,,,,,,,,,,,,,,
,,,,,,,,,,,,,,,,,,,,,
,,,,,,,,,,,,,,,,,,,,,
,,,,,,,,,,,,,,,,,,,,,
,,,,,,,,,,,,,,,,,,,,,
,,,,,,,,,,,,,,,,,,,,,
,,,,,,,,,,,,,,,,,,,,,
,,,,,,,,,,,,,,,,,,,,,
